[{"id":"user-image-wallhaven-k967mm.jpg","fileName":"wallhaven-k967mm.jpg","name":"wallhaven-k967mm","publicUrl":"https://assets.nicepagecdn.com/bc0440f9/4951257/images/wallhaven-k967mm.jpg","size":352789,"hash":"QUs6kjCCGTAzI3NMJPhqIKX26IM=","width":1920,"height":1280,"folderId":null,"thumbnail":{"url":"https://assets.nicepagecdn.com/bc0440f9/4951257/images/thumbnails/wallhaven-k967mm.jpg","width":150,"height":100},"usages":["4951278"]},{"id":"user-image-wallhaven-nzeexv.jpg","fileName":"wallhaven-nzeexv.jpg","name":"wallhaven-nzeexv","publicUrl":"https://assets.nicepagecdn.com/bc0440f9/4951257/images/wallhaven-nzeexv.jpg","size":612542,"hash":"fqkWadK1+7ydsCdSGxYmJDb4S6s=","width":2560,"height":1440,"folderId":null,"thumbnail":{"url":"https://assets.nicepagecdn.com/bc0440f9/4951257/images/thumbnails/wallhaven-nzeexv.jpg","width":150,"height":84},"usages":["4951278"]},{"id":"user-image-4543046.png","fileName":"4543046.png","name":"4543046","publicUrl":"https://assets.nicepagecdn.com/bc0440f9/4951257/images/4543046.png","size":497,"hash":"VhteBCQLHgX8Z/FYen9mPQTQRGs=","width":128,"height":128,"folderId":null,"thumbnail":{"url":"https://assets.nicepagecdn.com/bc0440f9/4951257/images/4543046.png","width":128,"height":128},"usages":[]},{"id":"user-image-5667072.png","fileName":"5667072.png","name":"5667072","publicUrl":"https://assets.nicepagecdn.com/bc0440f9/4951257/images/5667072.png","size":2565,"hash":"YAD3wRNMSU/nw8IuMkc96M8JSJE=","width":128,"height":128,"folderId":null,"thumbnail":{"url":"https://assets.nicepagecdn.com/bc0440f9/4951257/images/5667072.png","width":128,"height":128},"usages":[]}]